finding_id,project_name,framework,rule_id,rule_name,category,severity,risk_score,file_path,line,snippet,recommendation
rietveld__DJ-COOKIE-001__1,rietveld,django,DJ-COOKIE-001,SESSION_COOKIE_SECURE not set,session_security,High,6.5,settings.py,,SESSION_COOKIE_SECURE not found in settings.,Add SESSION_COOKIE_SECURE = True to your production settings.
edx-val__DJ-CSRF-001__2,edx-val,django,DJ-CSRF-001,@csrf_exempt decorator used,csrf_protection,High,7.0,edxval/pacts/views.py,22,@csrf_exempt,"Remove @csrf_exempt and use Django's CSRF middleware. For REST APIs, use token-based auth (DRF SessionAuthentication or JWT) instead of exempting CSRF."
cute_prep__DJ-CSRF-001__3,cute_prep,django,DJ-CSRF-001,@csrf_exempt decorator used,csrf_protection,High,7.0,apps/core/views.py,197,@csrf_exempt,"Remove @csrf_exempt and use Django's CSRF middleware. For REST APIs, use token-based auth (DRF SessionAuthentication or JWT) instead of exempting CSRF."
robo-poet__DJ-DEBUG-001__4,robo-poet,django,DJ-DEBUG-001,DEBUG mode enabled,security_misconfiguration,Critical,8.0,robo_poet_web/settings.py,26,DEBUG = True,Set DEBUG = False for all production deployments.
robo-poet__DJ-SECRET-001__5,robo-poet,django,DJ-SECRET-001,Hardcoded SECRET_KEY,secrets_management,Critical,8.0,robo_poet_web/settings.py,23,SECRET_KEY = 'django-insecure-g+*p1ns_2&rt0j-=3vqcpzk#ek206q@8p1drrho$0ghpktue@6',Load SECRET_KEY from the environment: SECRET_KEY = os.environ['DJANGO_SECRET_KEY']
robo-poet__DJ-HOSTS-001__6,robo-poet,django,DJ-HOSTS-001,ALLOWED_HOSTS empty,security_misconfiguration,High,6.5,robo_poet_web/settings.py,28,ALLOWED_HOSTS = [],Set ALLOWED_HOSTS to your explicit domain list before deploying.
robo-poet__DJ-COOKIE-001__7,robo-poet,django,DJ-COOKIE-001,SESSION_COOKIE_SECURE not set,session_security,High,6.5,robo_poet_web/settings.py,,SESSION_COOKIE_SECURE not found in settings.,Add SESSION_COOKIE_SECURE = True to your production settings.
robo-poet__DJ-ERROR-001__8,robo-poet,django,DJ-ERROR-001,traceback.format_exc() in application code,error_handling,High,6.0,src/legacy/archive/legacy/robo_poet_original_backup.py,588,"print(f""   Detalles: {traceback.format_exc()[:200]}..."")",Log the traceback server-side only (e.g. logger.exception(...)). Return a generic error message to the client.
multi_tenant_auth__DJ-DEBUG-001__9,multi_tenant_auth,django,DJ-DEBUG-001,DEBUG mode enabled,security_misconfiguration,Critical,8.0,tests/settings.py,10,DEBUG = True,Set DEBUG = False for all production deployments.
multi_tenant_auth__DJ-SECRET-001__10,multi_tenant_auth,django,DJ-SECRET-001,Hardcoded SECRET_KEY,secrets_management,Critical,8.0,tests/settings.py,11,SECRET_KEY = 'test-secret-key-for-testing-only-please-change-in-production',Load SECRET_KEY from the environment: SECRET_KEY = os.environ['DJANGO_SECRET_KEY']
multi_tenant_auth__DJ-COOKIE-001__11,multi_tenant_auth,django,DJ-COOKIE-001,SESSION_COOKIE_SECURE disabled,session_security,High,6.5,tests/settings.py,279,SESSION_COOKIE_SECURE = False,Set SESSION_COOKIE_SECURE = True in production settings.
multi_tenant_auth__DJ-COOKIE-002__12,multi_tenant_auth,django,DJ-COOKIE-002,SESSION_COOKIE_HTTPONLY disabled,session_security,High,6.5,tests/settings.py,280,SESSION_COOKIE_HTTPONLY = False,Remove this line or set SESSION_COOKIE_HTTPONLY = True.
multi_tenant_auth__DJ-CSRF-001__13,multi_tenant_auth,django,DJ-CSRF-001,@csrf_exempt decorator used,csrf_protection,High,7.0,tests/urls.py,31,@csrf_exempt,"Remove @csrf_exempt and use Django's CSRF middleware. For REST APIs, use token-based auth (DRF SessionAuthentication or JWT) instead of exempting CSRF."
multi_tenant_auth__DJ-CSRF-001__14,multi_tenant_auth,django,DJ-CSRF-001,@csrf_exempt decorator used,csrf_protection,High,7.0,tests/urls.py,57,@csrf_exempt,"Remove @csrf_exempt and use Django's CSRF middleware. For REST APIs, use token-based auth (DRF SessionAuthentication or JWT) instead of exempting CSRF."
multi_tenant_auth__DJ-CSRF-001__15,multi_tenant_auth,django,DJ-CSRF-001,@csrf_exempt decorator used,csrf_protection,High,7.0,tests/urls.py,113,@csrf_exempt,"Remove @csrf_exempt and use Django's CSRF middleware. For REST APIs, use token-based auth (DRF SessionAuthentication or JWT) instead of exempting CSRF."
multi_tenant_auth__DJ-CSRF-001__16,multi_tenant_auth,django,DJ-CSRF-001,@csrf_exempt decorator used,csrf_protection,High,7.0,tests/urls.py,159,@csrf_exempt,"Remove @csrf_exempt and use Django's CSRF middleware. For REST APIs, use token-based auth (DRF SessionAuthentication or JWT) instead of exempting CSRF."
django-login-register__DJ-DEBUG-001__17,django-login-register,django,DJ-DEBUG-001,DEBUG mode enabled,security_misconfiguration,Critical,8.0,core/settings.py,29,DEBUG = True,Set DEBUG = False for all production deployments.
django-login-register__DJ-HOSTS-001__18,django-login-register,django,DJ-HOSTS-001,ALLOWED_HOSTS empty,security_misconfiguration,High,6.5,core/settings.py,31,ALLOWED_HOSTS = [],Set ALLOWED_HOSTS to your explicit domain list before deploying.
django-login-register__DJ-COOKIE-001__19,django-login-register,django,DJ-COOKIE-001,SESSION_COOKIE_SECURE not set,session_security,High,6.5,core/settings.py,,SESSION_COOKIE_SECURE not found in settings.,Add SESSION_COOKIE_SECURE = True to your production settings.
dj-store__DJ-DEBUG-001__20,dj-store,django,DJ-DEBUG-001,DEBUG mode enabled,security_misconfiguration,Critical,8.0,project/settings.py,29,DEBUG = True,Set DEBUG = False for all production deployments.
dj-store__DJ-SECRET-001__21,dj-store,django,DJ-SECRET-001,Hardcoded SECRET_KEY,secrets_management,Critical,8.0,project/settings.py,26,SECRET_KEY = 'django-insecure-(g@^_^o&%98-)3%clnh%^1cvxrs%ep(23n!o=$a@oarj=v4@^3',Load SECRET_KEY from the environment: SECRET_KEY = os.environ['DJANGO_SECRET_KEY']
dj-store__DJ-HOSTS-001__22,dj-store,django,DJ-HOSTS-001,ALLOWED_HOSTS empty,security_misconfiguration,High,6.5,project/settings.py,31,ALLOWED_HOSTS = [],Set ALLOWED_HOSTS to your explicit domain list before deploying.
dj-store__DJ-COOKIE-001__23,dj-store,django,DJ-COOKIE-001,SESSION_COOKIE_SECURE not set,session_security,High,6.5,project/settings.py,,SESSION_COOKIE_SECURE not found in settings.,Add SESSION_COOKIE_SECURE = True to your production settings.
django-auth-backend__DJ-COOKIE-001__24,django-auth-backend,django,DJ-COOKIE-001,SESSION_COOKIE_SECURE not set,session_security,High,6.5,src/django_auth/settings.py,,SESSION_COOKIE_SECURE not found in settings.,Add SESSION_COOKIE_SECURE = True to your production settings.
django-mail-auth__DJ-DEBUG-001__25,django-mail-auth,django,DJ-DEBUG-001,DEBUG mode enabled,security_misconfiguration,Critical,8.0,tests/testapp/settings.py,27,DEBUG = True,Set DEBUG = False for all production deployments.
django-mail-auth__DJ-SECRET-001__26,django-mail-auth,django,DJ-SECRET-001,Hardcoded SECRET_KEY,secrets_management,Critical,8.0,tests/testapp/settings.py,24,"SECRET_KEY = ""supersecret""  # noqa: S105",Load SECRET_KEY from the environment: SECRET_KEY = os.environ['DJANGO_SECRET_KEY']
django-mail-auth__DJ-HOSTS-001__27,django-mail-auth,django,DJ-HOSTS-001,ALLOWED_HOSTS empty,security_misconfiguration,High,6.5,tests/testapp/settings.py,29,ALLOWED_HOSTS = [],Set ALLOWED_HOSTS to your explicit domain list before deploying.
django-mail-auth__DJ-COOKIE-001__28,django-mail-auth,django,DJ-COOKIE-001,SESSION_COOKIE_SECURE not set,session_security,High,6.5,tests/testapp/settings.py,,SESSION_COOKIE_SECURE not found in settings.,Add SESSION_COOKIE_SECURE = True to your production settings.
weird-side-youtube__EX-HELMET-001__29,weird-side-youtube,express,EX-HELMET-001,Helmet middleware not used,security_headers,High,7.0,".eslintrc.js, app.js, config/db.js, controllers/admin.js, controllers/api.js",,No helmet() call found.,npm install helmet  and add app.use(helmet()) in your Express app setup.
weird-side-youtube__EX-RATE-001__30,weird-side-youtube,express,EX-RATE-001,No rate limiting on auth routes,brute_force_protection,High,7.0,router/routes/root.js,6,"router.get('/register', root.getRegister);","Install express-rate-limit and apply it to auth routes: const limiter = rateLimit({ windowMs: 15*60*1000, max: 20 }); router.post('/login', limiter, loginHandler);"
weird-side-youtube__EX-AUTHZ-001__31,weird-side-youtube,express,EX-AUTHZ-001,Sensitive route without auth middleware,authorization,High,7.5,router/index.js,5,"app.use('/admin', require('./routes/admin'));","Add authentication middleware to all sensitive routes: router.get('/admin', verifyToken, adminHandler)"
weird-side-youtube__EX-JSON-001__32,weird-side-youtube,express,EX-JSON-001,JSON body parser has no size limit,denial_of_service,High,6.5,app.js,25,app.use(bodyParser.json());,Set an explicit body size limit: app.use(express.json({ limit: '10kb' }))
sharey__EX-HELMET-001__33,sharey,express,EX-HELMET-001,Helmet middleware not used,security_headers,High,7.0,"cloudconfig.js, df.js, index.js, user.js",,No helmet() call found.,npm install helmet  and add app.use(helmet()) in your Express app setup.
sharey__EX-RATE-001__34,sharey,express,EX-RATE-001,No rate limiting on auth routes,brute_force_protection,High,7.0,df.js,70,"app.post(""/login"", passport.authenticate('local', {","Install express-rate-limit and apply it to auth routes: const limiter = rateLimit({ windowMs: 15*60*1000, max: 20 }); router.post('/login', limiter, loginHandler);"
sharey__EX-RATE-001__35,sharey,express,EX-RATE-001,No rate limiting on auth routes,brute_force_protection,High,7.0,index.js,66,"app.post(""/login"", Passport.authenticate('local', { failureRedirect: '/', failureFlash: false }), async (req, res) => {","Install express-rate-limit and apply it to auth routes: const limiter = rateLimit({ windowMs: 15*60*1000, max: 20 }); router.post('/login', limiter, loginHandler);"
wanderlust__EX-HELMET-001__36,wanderlust,express,EX-HELMET-001,Helmet middleware not used,security_headers,High,7.0,"initial.js, listing.js, middle.js, middleware.js, mp.js",,No helmet() call found.,npm install helmet  and add app.use(helmet()) in your Express app setup.
wanderlust__EX-RATE-001__37,wanderlust,express,EX-RATE-001,No rate limiting on auth routes,brute_force_protection,High,7.0,mp.js,187,"app.get(""/signup"",(req,res)=>{","Install express-rate-limit and apply it to auth routes: const limiter = rateLimit({ windowMs: 15*60*1000, max: 20 }); router.post('/login', limiter, loginHandler);"
event-management__EX-HELMET-001__38,event-management,express,EX-HELMET-001,Helmet middleware not used,security_headers,High,7.0,"1.js, server.js",,No helmet() call found.,npm install helmet  and add app.use(helmet()) in your Express app setup.
event-management__EX-RATE-001__39,event-management,express,EX-RATE-001,No rate limiting on auth routes,brute_force_protection,High,7.0,1.js,154,"app.post(""/signup"", async (req, res) => {","Install express-rate-limit and apply it to auth routes: const limiter = rateLimit({ windowMs: 15*60*1000, max: 20 }); router.post('/login', limiter, loginHandler);"
event-management__EX-RATE-001__40,event-management,express,EX-RATE-001,No rate limiting on auth routes,brute_force_protection,High,7.0,server.js,160,"app.post(""/signup"", async (req, res) => {","Install express-rate-limit and apply it to auth routes: const limiter = rateLimit({ windowMs: 15*60*1000, max: 20 }); router.post('/login', limiter, loginHandler);"
event-management__EX-JSON-001__41,event-management,express,EX-JSON-001,JSON body parser has no size limit,denial_of_service,High,6.5,1.js,81,app.use(bodyParser.json());,Set an explicit body size limit: app.use(express.json({ limit: '10kb' }))
event-management__EX-JSON-001__42,event-management,express,EX-JSON-001,JSON body parser has no size limit,denial_of_service,High,6.5,server.js,14,app.use(bodyParser.json());,Set an explicit body size limit: app.use(express.json({ limit: '10kb' }))
scrypta-identity__EX-HELMET-001__43,scrypta-identity,express,EX-HELMET-001,Helmet middleware not used,security_headers,High,7.0,"_website/assets/js/liquidAjaxContactForm.min.js, _website/assets/js/liquidAjaxMailchimp.min.js, _website/assets/js/liquidEventsTable.min.js, _website/assets/js/theme-vendors.js, _website/assets/js/theme.js",,No helmet() call found.,npm install helmet  and add app.use(helmet()) in your Express app setup.
scrypta-identity__EX-RATE-001__44,scrypta-identity,express,EX-RATE-001,No rate limiting on auth routes,brute_force_protection,High,7.0,id.js,79,"app.get('/auth/error', function (req, res) {","Install express-rate-limit and apply it to auth routes: const limiter = rateLimit({ windowMs: 15*60*1000, max: 20 }); router.post('/login', limiter, loginHandler);"
scrypta-identity__EX-RATE-001__45,scrypta-identity,express,EX-RATE-001,No rate limiting on auth routes,brute_force_protection,High,7.0,providers/github.js,10,"router.get('/auth/github', passport.authenticate('github'));","Install express-rate-limit and apply it to auth routes: const limiter = rateLimit({ windowMs: 15*60*1000, max: 20 }); router.post('/login', limiter, loginHandler);"
scrypta-identity__EX-RATE-001__46,scrypta-identity,express,EX-RATE-001,No rate limiting on auth routes,brute_force_protection,High,7.0,providers/google.js,11,"router.get('/auth/google', passport.authenticate('google', { scope: ['https://www.googleapis.com/auth/plus.login'] }));","Install express-rate-limit and apply it to auth routes: const limiter = rateLimit({ windowMs: 15*60*1000, max: 20 }); router.post('/login', limiter, loginHandler);"
scrypta-identity__EX-RATE-001__47,scrypta-identity,express,EX-RATE-001,No rate limiting on auth routes,brute_force_protection,High,7.0,providers/linkedin.js,11,"router.get('/auth/linkedin', passport.authenticate('linkedin'));","Install express-rate-limit and apply it to auth routes: const limiter = rateLimit({ windowMs: 15*60*1000, max: 20 }); router.post('/login', limiter, loginHandler);"
scrypta-identity__EX-RATE-001__48,scrypta-identity,express,EX-RATE-001,No rate limiting on auth routes,brute_force_protection,High,7.0,providers/twitter.js,11,"router.get('/auth/twitter', passport.authenticate('twitter'));","Install express-rate-limit and apply it to auth routes: const limiter = rateLimit({ windowMs: 15*60*1000, max: 20 }); router.post('/login', limiter, loginHandler);"
natours__EX-HELMET-001__49,natours,express,EX-HELMET-001,Helmet middleware not used,security_headers,High,7.0,"Routes/bookingsRoutes.js, Routes/reviewRoutes.js, Routes/tourRoutes.js, Routes/userRoutes.js, Routes/viewRoutes.js",,No helmet() call found.,npm install helmet  and add app.use(helmet()) in your Express app setup.
natours__EX-COOKIE-001__50,natours,express,EX-COOKIE-001,Cookie missing security attributes,session_security,High,6.5,utils/jsonWebToken.js,33,"res.cookie(""jwt"", this.token, this.cookieOptionsControl(req));","Set all three flags: res.cookie('name', value, { httpOnly: true, secure: true, sameSite: 'Strict' })"
natours__EX-AUTHZ-001__51,natours,express,EX-AUTHZ-001,Sensitive route without auth middleware,authorization,High,7.5,app.js,44,"// app.options(""/api/v1/users"",cors()) allow only for this api","Add authentication middleware to all sensitive routes: router.get('/admin', verifyToken, adminHandler)"
ferret__EX-HELMET-001__52,ferret,express,EX-HELMET-001,Helmet middleware not used,security_headers,High,7.0,"app.js, data/analyser.js, data/mdb.js, data/series.js, data/twitter.js",,No helmet() call found.,npm install helmet  and add app.use(helmet()) in your Express app setup.
ferret__EX-RATE-001__53,ferret,express,EX-RATE-001,No rate limiting on auth routes,brute_force_protection,High,7.0,app.js,41,"app.use('/auth', auth.router);","Install express-rate-limit and apply it to auth routes: const limiter = rateLimit({ windowMs: 15*60*1000, max: 20 }); router.post('/login', limiter, loginHandler);"
ferret__EX-RATE-001__54,ferret,express,EX-RATE-001,No rate limiting on auth routes,brute_force_protection,High,7.0,routes/index.js,32,"router.get('/login', function(req, res) {","Install express-rate-limit and apply it to auth routes: const limiter = rateLimit({ windowMs: 15*60*1000, max: 20 }); router.post('/login', limiter, loginHandler);"
ferret__EX-AUTHZ-001__55,ferret,express,EX-AUTHZ-001,Sensitive route without auth middleware,authorization,High,7.5,app.js,42,"app.use('/users', users);","Add authentication middleware to all sensitive routes: router.get('/admin', verifyToken, adminHandler)"
ferret__EX-JSON-001__56,ferret,express,EX-JSON-001,JSON body parser has no size limit,denial_of_service,High,6.5,app.js,28,app.use(bodyParser.json());,Set an explicit body size limit: app.use(express.json({ limit: '10kb' }))
cse341_project__EX-HELMET-001__57,cse341_project,express,EX-HELMET-001,Helmet middleware not used,security_headers,High,7.0,"connections/conection.js, controllers/footballClubs.js, controllers/matchs.js, models/footballClub.js, models/match.js",,No helmet() call found.,npm install helmet  and add app.use(helmet()) in your Express app setup.
cse341_project__EX-RATE-001__58,cse341_project,express,EX-RATE-001,No rate limiting on auth routes,brute_force_protection,High,7.0,routers/index.js,11,"loginRouter.get('/login', passport.authenticate('github'), (req, res) => {});","Install express-rate-limit and apply it to auth routes: const limiter = rateLimit({ windowMs: 15*60*1000, max: 20 }); router.post('/login', limiter, loginHandler);"
cse341_project__EX-JSON-001__59,cse341_project,express,EX-JSON-001,JSON body parser has no size limit,denial_of_service,High,6.5,w3.js,113,app.use(express.json());,Set an explicit body size limit: app.use(express.json({ limit: '10kb' }))
django-todo-auth__DJ-DEBUG-001__60,django-todo-auth,django,DJ-DEBUG-001,DEBUG mode enabled,security_misconfiguration,Critical,8.0,todo_list/settings.py,26,DEBUG = True,Set DEBUG = False for all production deployments.
django-todo-auth__DJ-SECRET-001__61,django-todo-auth,django,DJ-SECRET-001,Hardcoded SECRET_KEY,secrets_management,Critical,8.0,todo_list/settings.py,23,SECRET_KEY = 'd)=^c7!0-oqjmqve%(bt+p#sq6x*ipz2keh741j*-@f@_)f!1t',Load SECRET_KEY from the environment: SECRET_KEY = os.environ['DJANGO_SECRET_KEY']
django-todo-auth__DJ-HOSTS-001__62,django-todo-auth,django,DJ-HOSTS-001,ALLOWED_HOSTS empty,security_misconfiguration,High,6.5,todo_list/settings.py,28,ALLOWED_HOSTS = [],Set ALLOWED_HOSTS to your explicit domain list before deploying.
django-todo-auth__DJ-COOKIE-001__63,django-todo-auth,django,DJ-COOKIE-001,SESSION_COOKIE_SECURE not set,session_security,High,6.5,todo_list/settings.py,,SESSION_COOKIE_SECURE not found in settings.,Add SESSION_COOKIE_SECURE = True to your production settings.
coreproject__DJ-COOKIE-001__64,coreproject,django,DJ-COOKIE-001,SESSION_COOKIE_SECURE not set,session_security,High,6.5,backend/django_core/core/settings.py,,SESSION_COOKIE_SECURE not found in settings.,Add SESSION_COOKIE_SECURE = True to your production settings.
django-smartbase-admin__DJ-SECRET-001__65,django-smartbase-admin,django,DJ-SECRET-001,Hardcoded SECRET_KEY,secrets_management,Critical,8.0,tests/settings.py,10,"SECRET_KEY = ""test-secret-key-not-for-production""",Load SECRET_KEY from the environment: SECRET_KEY = os.environ['DJANGO_SECRET_KEY']
django-smartbase-admin__DJ-COOKIE-001__66,django-smartbase-admin,django,DJ-COOKIE-001,SESSION_COOKIE_SECURE not set,session_security,High,6.5,tests/settings.py,,SESSION_COOKIE_SECURE not found in settings.,Add SESSION_COOKIE_SECURE = True to your production settings.
shifter__DJ-HOSTS-001__67,shifter,django,DJ-HOSTS-001,ALLOWED_HOSTS empty,security_misconfiguration,High,6.5,shifter/shifter/settings.py,39,ALLOWED_HOSTS = [],Set ALLOWED_HOSTS to your explicit domain list before deploying.
shifter__DJ-COOKIE-001__68,shifter,django,DJ-COOKIE-001,SESSION_COOKIE_SECURE not set,session_security,High,6.5,shifter/shifter/settings.py,,SESSION_COOKIE_SECURE not found in settings.,Add SESSION_COOKIE_SECURE = True to your production settings.
wg-ui-plus__DJ-DEBUG-001__69,wg-ui-plus,django,DJ-DEBUG-001,DEBUG mode enabled,security_misconfiguration,Critical,8.0,src/api_project/api_project/settings.py,116,DEBUG = True,Set DEBUG = False for all production deployments.
wg-ui-plus__DJ-SECRET-001__70,wg-ui-plus,django,DJ-SECRET-001,Hardcoded SECRET_KEY,secrets_management,Critical,8.0,src/api_project/api_project/settings.py,18,"SECRET_KEY = ""django-insecure-$g$nz5fz@x7%jky18-#i7)2i3zb)*dw6-65t#(*)+^#514p7%j""",Load SECRET_KEY from the environment: SECRET_KEY = os.environ['DJANGO_SECRET_KEY']
wg-ui-plus__DJ-HOSTS-001__71,wg-ui-plus,django,DJ-HOSTS-001,ALLOWED_HOSTS wildcard,security_misconfiguration,High,6.5,src/api_project/api_project/settings.py,120,"ALLOWED_HOSTS = [""*""]","Set ALLOWED_HOSTS to the explicit list of domains your app serves, e.g. ALLOWED_HOSTS = ['example.com', 'www.example.com']."
wg-ui-plus__DJ-COOKIE-001__72,wg-ui-plus,django,DJ-COOKIE-001,SESSION_COOKIE_SECURE not set,session_security,High,6.5,src/api_project/api_project/settings.py,,SESSION_COOKIE_SECURE not found in settings.,Add SESSION_COOKIE_SECURE = True to your production settings.
wg-ui-plus__DJ-CSRF-001__73,wg-ui-plus,django,DJ-CSRF-001,@csrf_exempt decorator used,csrf_protection,High,7.0,src/api_project/api_app/views.py,142,@csrf_exempt,"Remove @csrf_exempt and use Django's CSRF middleware. For REST APIs, use token-based auth (DRF SessionAuthentication or JWT) instead of exempting CSRF."
example-python-django-oidc__DJ-DEBUG-001__74,example-python-django-oidc,django,DJ-DEBUG-001,DEBUG mode enabled,security_misconfiguration,Critical,8.0,mysite/settings.py,25,DEBUG = True,Set DEBUG = False for all production deployments.
example-python-django-oidc__DJ-SECRET-001__75,example-python-django-oidc,django,DJ-SECRET-001,Hardcoded SECRET_KEY,secrets_management,Critical,8.0,mysite/settings.py,22,"SECRET_KEY = ""django-insecure-=sip(e^$ak%ocw*@6$6elp_7ybk2+ab_5c1%ujq)mwfs7n%vjs""",Load SECRET_KEY from the environment: SECRET_KEY = os.environ['DJANGO_SECRET_KEY']
example-python-django-oidc__DJ-HOSTS-001__76,example-python-django-oidc,django,DJ-HOSTS-001,ALLOWED_HOSTS empty,security_misconfiguration,High,6.5,mysite/settings.py,27,ALLOWED_HOSTS = [],Set ALLOWED_HOSTS to your explicit domain list before deploying.
example-python-django-oidc__DJ-COOKIE-001__77,example-python-django-oidc,django,DJ-COOKIE-001,SESSION_COOKIE_SECURE not set,session_security,High,6.5,mysite/settings.py,,SESSION_COOKIE_SECURE not found in settings.,Add SESSION_COOKIE_SECURE = True to your production settings.
tangelo__DJ-COOKIE-001__78,tangelo,django,DJ-COOKIE-001,SESSION_COOKIE_SECURE not set,session_security,High,6.5,tangelo/config/settings.py,,SESSION_COOKIE_SECURE not found in settings.,Add SESSION_COOKIE_SECURE = True to your production settings.
django-react-auth__DJ-DEBUG-001__79,django-react-auth,django,DJ-DEBUG-001,DEBUG mode enabled,security_misconfiguration,Critical,8.0,server/core/settings.py,28,DEBUG = True,Set DEBUG = False for all production deployments.
django-react-auth__DJ-HOSTS-001__80,django-react-auth,django,DJ-HOSTS-001,ALLOWED_HOSTS empty,security_misconfiguration,High,6.5,server/core/settings.py,30,ALLOWED_HOSTS = [],Set ALLOWED_HOSTS to your explicit domain list before deploying.
dj-djoser__DJ-DEBUG-001__81,dj-djoser,django,DJ-DEBUG-001,DEBUG mode enabled,security_misconfiguration,Critical,8.0,src/core/settings.py,15,DEBUG = True,Set DEBUG = False for all production deployments.
dj-djoser__DJ-SECRET-001__82,dj-djoser,django,DJ-SECRET-001,Hardcoded SECRET_KEY,secrets_management,Critical,8.0,src/core/settings.py,12,"SECRET_KEY = ""django-insecure-rn^vgd5-^wrc5i&zae^#iez&!7vai91mz21!9d1==n5li^19u_""",Load SECRET_KEY from the environment: SECRET_KEY = os.environ['DJANGO_SECRET_KEY']
dj-djoser__DJ-HOSTS-001__83,dj-djoser,django,DJ-HOSTS-001,ALLOWED_HOSTS empty,security_misconfiguration,High,6.5,src/core/settings.py,17,ALLOWED_HOSTS = [],Set ALLOWED_HOSTS to your explicit domain list before deploying.
dj-djoser__DJ-COOKIE-001__84,dj-djoser,django,DJ-COOKIE-001,SESSION_COOKIE_SECURE not set,session_security,High,6.5,src/core/settings.py,,SESSION_COOKIE_SECURE not found in settings.,Add SESSION_COOKIE_SECURE = True to your production settings.
lets-chat__EX-HELMET-001__85,lets-chat,express,EX-HELMET-001,Helmet middleware not used,security_headers,High,7.0,"frontend/postcss.config.js, frontend/src/App.js, frontend/src/components/accounts/Login.js, frontend/src/components/accounts/Logout.js, frontend/src/components/accounts/Profile.js",,No helmet() call found.,npm install helmet  and add app.use(helmet()) in your Express app setup.
lets-chat__EX-JSON-001__86,lets-chat,express,EX-JSON-001,JSON body parser has no size limit,denial_of_service,High,6.5,server/index.js,18,app.use(express.json());,Set an explicit body size limit: app.use(express.json({ limit: '10kb' }))
social-media-app__EX-HELMET-001__87,social-media-app,express,EX-HELMET-001,Helmet middleware not used,security_headers,High,7.0,"client/src/App.js, client/src/api/messages.js, client/src/api/posts.js, client/src/api/users.js, client/src/components/Comment.js",,No helmet() call found.,npm install helmet  and add app.use(helmet()) in your Express app setup.
social-media-app__EX-RATE-001__88,social-media-app,express,EX-RATE-001,No rate limiting on auth routes,brute_force_protection,High,7.0,routes/users.js,7,"router.post(""/register"", userControllers.register);","Install express-rate-limit and apply it to auth routes: const limiter = rateLimit({ windowMs: 15*60*1000, max: 20 }); router.post('/login', limiter, loginHandler);"
social-media-app__EX-AUTHZ-001__89,social-media-app,express,EX-AUTHZ-001,Sensitive route without auth middleware,authorization,High,7.5,routes/users.js,8,"router.get(""/all"", userControllers.getAllUsers);","Add authentication middleware to all sensitive routes: router.get('/admin', verifyToken, adminHandler)"
social-media-app__EX-JSON-001__90,social-media-app,express,EX-JSON-001,JSON body parser has no size limit,denial_of_service,High,6.5,server.js,16,app.use(express.json());,Set an explicit body size limit: app.use(express.json({ limit: '10kb' }))
express-session-auth-starter__EX-HELMET-001__91,express-session-auth-starter,express,EX-HELMET-001,Helmet middleware not used,security_headers,High,7.0,"config/passport.js, index.js, routes/auth.js",,No helmet() call found.,npm install helmet  and add app.use(helmet()) in your Express app setup.
express-session-auth-starter__EX-RATE-001__92,express-session-auth-starter,express,EX-RATE-001,No rate limiting on auth routes,brute_force_protection,High,7.0,routes/auth.js,5,"router.post(""/login"", passport.authenticate('local', {","Install express-rate-limit and apply it to auth routes: const limiter = rateLimit({ windowMs: 15*60*1000, max: 20 }); router.post('/login', limiter, loginHandler);"
express-session-auth-starter__EX-JSON-001__93,express-session-auth-starter,express,EX-JSON-001,JSON body parser has no size limit,denial_of_service,High,6.5,index.js,13,app.use(express.json());,Set an explicit body size limit: app.use(express.json({ limit: '10kb' }))
todos-express-password__EX-HELMET-001__94,todos-express-password,express,EX-HELMET-001,Helmet middleware not used,security_headers,High,7.0,"db.js, routes/auth.js, routes/todos.js",,No helmet() call found.,npm install helmet  and add app.use(helmet()) in your Express app setup.
todos-express-password__EX-RATE-001__95,todos-express-password,express,EX-RATE-001,No rate limiting on auth routes,brute_force_protection,High,7.0,routes/auth.js,5,"router.post(""/login"", passport.authenticate('local'));","Install express-rate-limit and apply it to auth routes: const limiter = rateLimit({ windowMs: 15*60*1000, max: 20 }); router.post('/login', limiter, loginHandler);"
todos-express-password__EX-JSON-001__96,todos-express-password,express,EX-JSON-001,JSON body parser has no size limit,denial_of_service,High,6.5,app.js,11,app.use(express.json());,Set an explicit body size limit: app.use(express.json({ limit: '10kb' }))
expressjs-full-course__EX-JSON-001__97,expressjs-full-course,express,EX-JSON-001,JSON body parser has no size limit,denial_of_service,High,6.5,src/index.js,13,app.use(express.json());,Set an explicit body size limit: app.use(express.json({ limit: '10kb' }))
whatsapp-gateway__EX-HELMET-001__98,whatsapp-gateway,express,EX-HELMET-001,Helmet middleware not used,security_headers,High,7.0,"index.js, src/baileys.js, src/helper/response.js",,No helmet() call found.,npm install helmet  and add app.use(helmet()) in your Express app setup.
whatsapp-gateway__EX-RATE-001__99,whatsapp-gateway,express,EX-RATE-001,No rate limiting on auth routes,brute_force_protection,High,7.0,index.js,23,"app.post(""/send-message"", sendMessage);","Install express-rate-limit and apply it to auth routes: const limiter = rateLimit({ windowMs: 15*60*1000, max: 20 }); router.post('/login', limiter, loginHandler);"
whatsapp-gateway__EX-JSON-001__100,whatsapp-gateway,express,EX-JSON-001,JSON body parser has no size limit,denial_of_service,High,6.5,index.js,10,app.use(express.json());,Set an explicit body size limit: app.use(express.json({ limit: '10kb' }))
shopify-node-express-app__EX-JSON-001__101,shopify-node-express-app,express,EX-JSON-001,JSON body parser has no size limit,denial_of_service,High,6.5,web/index.js,52,app.use(express.json());,Set an explicit body size limit: app.use(express.json({ limit: '10kb' }))
project-mgmt-graphql__EX-JSON-001__102,project-mgmt-graphql,express,EX-JSON-001,JSON body parser has no size limit,denial_of_service,High,6.5,server/index.js,11,app.use(express.json());,Set an explicit body size limit: app.use(express.json({ limit: '10kb' }))
movie-library__EX-HELMET-001__103,movie-library,express,EX-HELMET-001,Helmet middleware not used,security_headers,High,7.0,"server.js, src/middleware/authMiddleware.js, src/models/User.js, src/routes/authRoutes.js, src/routes/movieRoutes.js",,No helmet() call found.,npm install helmet  and add app.use(helmet()) in your Express app setup.
movie-library__EX-RATE-001__104,movie-library,express,EX-RATE-001,No rate limiting on auth routes,brute_force_protection,High,7.0,src/routes/authRoutes.js,6,"router.post('/register', register);","Install express-rate-limit and apply it to auth routes: const limiter = rateLimit({ windowMs: 15*60*1000, max: 20 }); router.post('/login', limiter, loginHandler);"
movie-library__EX-AUTHZ-001__105,movie-library,express,EX-AUTHZ-001,Sensitive route without auth middleware,authorization,High,7.5,src/routes/movieRoutes.js,5,"router.get('/', getAllMovies);","Add authentication middleware to all sensitive routes: router.get('/admin', verifyToken, adminHandler)"
movie-library__EX-JSON-001__106,movie-library,express,EX-JSON-001,JSON body parser has no size limit,denial_of_service,High,6.5,server.js,12,app.use(express.json());,Set an explicit body size limit: app.use(express.json({ limit: '10kb' }))
user-authentication-system__EX-HELMET-001__107,user-authentication-system,express,EX-HELMET-001,Helmet middleware not used,security_headers,High,7.0,"config/db.js, middleware/authMiddleware.js, routes/userRoutes.js, server.js",,No helmet() call found.,npm install helmet  and add app.use(helmet()) in your Express app setup.
user-authentication-system__EX-JSON-001__108,user-authentication-system,express,EX-JSON-001,JSON body parser has no size limit,denial_of_service,High,6.5,server.js,14,app.use(express.json());,Set an explicit body size limit: app.use(express.json({ limit: '10kb' }))
auth-app-server-side__EX-HELMET-001__109,auth-app-server-side,express,EX-HELMET-001,Helmet middleware not used,security_headers,High,7.0,"config/db.js, index.js, middleware/authMiddleware.js, routes/userRoute.js",,No helmet() call found.,npm install helmet  and add app.use(helmet()) in your Express app setup.
auth-app-server-side__EX-RATE-001__110,auth-app-server-side,express,EX-RATE-001,No rate limiting on auth routes,brute_force_protection,High,7.0,routes/userRoute.js,5,"router.post('/register', register);","Install express-rate-limit and apply it to auth routes: const limiter = rateLimit({ windowMs: 15*60*1000, max: 20 }); router.post('/login', limiter, loginHandler);"
auth-app-server-side__EX-AUTHZ-001__111,auth-app-server-side,express,EX-AUTHZ-001,Sensitive route without auth middleware,authorization,High,7.5,routes/userRoute.js,8,"router.get('/users', getUsers);","Add authentication middleware to all sensitive routes: router.get('/admin', verifyToken, adminHandler)"
auth-app-server-side__EX-JSON-001__112,auth-app-server-side,express,EX-JSON-001,JSON body parser has no size limit,denial_of_service,High,6.5,index.js,11,app.use(express.json());,Set an explicit body size limit: app.use(express.json({ limit: '10kb' }))
